n,Insertion Sort,Merge Sort,Hybrid Merge Sort,Selection Sort,Bubble Sort
100,0.00017976760864257812,0.00022292137145996094,0.00011038780212402344,0.0004973411560058594,0.00045680999755859375
1000,0.015581130981445312,0.0016617774963378906,0.001085519790649414,0.01427459716796875,0.02911210060119629
5000,0.4010148048400879,0.010627269744873047,0.008510351181030273,0.34262537956237793,0.9062042236328125
10000,1.9815561771392822,0.02603936195373535,0.017518043518066406,1.6022663116455078,3.5876071453094482
20000,6.479960918426514,0.05740809440612793,0.03927469253540039,5.774974584579468,14.196342945098877
30000,13.930858135223389,0.09958291053771973,0.07257580757141113,14.141665697097778,32.26852822303772
40000,24.924158334732056,0.10306048393249512,0.07504820823669434,23.537721157073975,58.46697378158569
50000,38.46860599517822,0.15508317947387695,0.10903096199035645,36.90528321266174,95.0412335395813
60000,63.04942774772644,0.18455982208251953,0.12493371963500977,60.117674589157104,129.45541739463806
100000,164.45870327949524,0.42141032218933105,0.28925538063049316,637.9997391700745,642.6667914390564
