Product Name,Price,Rating
Lenovo LOQ Intel Core i7 13th Gen i7-13650HX - (16 GB/512 GB SSD/Windows 11 Home/6 GB Graphics/NVIDIA ...,"₹2,80,690",4.3
Lenovo LOQ Intel Core i5 13th Gen 13450HX - (16 GB/512 GB SSD/Windows 11 Home/6 GB Graphics/NVIDIA GeF...,"₹1,39,990",4.4
ASUS TUF Gaming A15 (2026) AMD Ryzen 7 170 - (16 GB/1 TB SSD/Windows 11 Home/4 GB Graphics/NVIDIA GeFo...,"₹79,990",4.4
Lenovo IdeaPad Gaming 3 Intel Core i5 11th Gen 11320H - (8 GB/512 GB SSD/Windows 11 Home/4 GB Graphics...,"₹53,990",4.1
HP Victus (i5 14th Gen) Intel Core 5 210 H - (16 GB/512 GB SSD/Windows 11 Home/6 GB Graphics/NVIDIA Ge...,"₹94,990",4.2
ASUS ROG Strix G16 (2025) with Office 2024 + M365 Basic* Intel Core Ultra 9 275HX - (32 GB/1 TB SSD/Wi...,"₹2,93,000",4.6
MSI Katana 15 Intel Core i5 13th Gen 13420H - (16 GB/1 TB SSD/Windows 11 Home/6 GB Graphics/NVIDIA GeF...,"₹96,990",4.3
Acer Aspire 7 (i5 14th Gen) Intel Core 5 210H - (16 GB/512 GB SSD/Windows 11 Home/6 GB Graphics/NVIDIA...,"₹89,990",4.1
DELL G15 Intel Core i5 13th Gen 13450HX - (16 GB/512 GB SSD/Windows 11 Home/6 GB Graphics/NVIDIA GeFor...,"₹93,021",4.2
GIGABYTE GAMING A16 AMD Ryzen 7 260 - (16 GB/512 GB SSD/Windows 11 Home/8 GB Graphics/NVIDIA GeForce R...,"₹1,39,990",4.2
Lenovo LOQ 2025 Intel Core i7 14th Gen 14700HX - (16 GB/512 GB SSD/Windows 11 Home/8 GB Graphics/NVIDI...,"₹3,20,290",4.2
Lenovo LOQ Intel Core i7 13th Gen 13645HX - (16 GB/1 TB SSD/Windows 11 Home/8 GB Graphics/NVIDIA GeFor...,"₹2,69,890",4.8
Colorful P15 Intel Core i7 13th Gen 13620H - (16 GB/512 GB SSD/Windows 11 Home/8 GB Graphics/NVIDIA Ge...,"₹1,19,999",4.2
ASUS TUF Gaming A15 AMD Ryzen 7 Octa Core 7435HS - (16 GB/512 GB SSD/Windows 11 Home/4 GB Graphics/NVI...,"₹64,990",4.4
ASUS TUF Gaming A15 (2026) AMD Ryzen 7 170 - (16 GB/512 GB SSD/Windows 11 Home/4 GB Graphics/NVIDIA Ge...,"₹70,990",4.5
ASUS TUF Gaming A15 (2025) AMD Ryzen 7 7445HS - (16 GB/512 GB SSD/Windows 11 Home/4 GB Graphics/NVIDIA...,"₹68,990",4.4
ASUS TUF Gaming A16 (2026) with Office 2024 + M365 Basic AMD Ryzen 7 170 - (16 GB/1 TB SSD/Windows 11 ...,"₹1,08,990",4.4
Acer Nitro V 15 Intel Core i5 13th Gen 13420H - (16 GB/512 GB SSD/Windows 11 Home/8 GB Graphics/NVIDIA...,"₹1,14,999",4.2
HP Victus AI AMD Ryzen 7 Octa Core 260 - (24 GB/1 TB SSD/Windows 11 Home/8 GB Graphics/NVIDIA GeForce ...,"₹1,44,740",4.5
HP Victus(i5 14th Gen) Intel Core 5 210H - (24 GB/512 GB SSD/Windows 11 Home/4 GB Graphics/NVIDIA GeFo...,"₹92,990",4.4
ASUS TUF Gaming A15 (2025) AMD Ryzen 7 Octa Core 7445HS - (16 GB/1 TB SSD/Windows 11 Home/4 GB Graphic...,"₹75,990",4.4
HP OMEN (i7 14th Gen) Intel Core 7 240H - (24 GB/1 TB SSD/Windows 11 Home/8 GB Graphics/NVIDIA GeForce...,"₹1,46,134",4.4
MSI Thin A15 AMD Ryzen 5 Hexa Core 7535HS - (16 GB/512 GB SSD/Windows 11 Home/4 GB Graphics/NVIDIA GeF...,"₹72,990",4.3
MSI Thin 15 Intel Core i5 13th Gen 13420H - (16 GB/512 GB SSD/Windows 11 Home/6 GB Graphics/NVIDIA GeF...,"₹98,645",4.3
